album,popular
Sticky Fingers (Remastered),3
Let It Bleed,2
Some Girls,2
Aftermath,2
Out Of Our Heads,1
Tattoo You (2009 Re-Mastered),1
Bridges To Babylon (Remastered),1
Goats Head Soup (Remastered 2009),1
Exile On Main Street (2010 Re-Mastered),1
Between The Buttons,1
Beggars Banquet (50th Anniversary Edition),1
Now!,0
Some Girls (Deluxe Version),0
Sticky Fingers (Deluxe),0
Steel Wheels Live,0
Steel Wheels (Remastered 2009),0
Steel Wheels,0
Some Girls: Live In Texas '78,0
Live At The El Mocambo,0
Live Licks,0
